,mean_fit_time,std_fit_time,mean_score_time,std_score_time,param_estimator__max_depth,param_estimator__min_samples_leaf,param_estimator__min_samples_split,param_estimator__n_estimators,params,split0_test_score,split1_test_score,split2_test_score,split3_test_score,split4_test_score,mean_test_score,std_test_score,rank_test_score
0,0.09183588027954101,0.0019836095236353403,0.05430169105529785,0.0026430272897352103,,1,2,50,"{'estimator__max_depth': None, 'estimator__min_samples_leaf': 1, 'estimator__min_samples_split': 2, 'estimator__n_estimators': 50}",0.08333333333333333,0.0,0.09090909090909091,0.0,0.18181818181818182,7.121212121212121,0.06769184213238993,80
1,0.14850125312805176,0.013880400614112515,0.08890752792358399,0.006720501248447226,,1,2,100,"{'estimator__max_depth': None, 'estimator__min_samples_leaf': 1, 'estimator__min_samples_split': 2, 'estimator__n_estimators': 100}",0.08333333333333333,0.09090909090909091,0.18181818181818182,0.18181818181818182,0.18181818181818182,14.393939393939394,0.04645366580835119,71
2,0.30515565872192385,0.030321927485157954,0.17470173835754393,0.004834494623001742,,1,2,200,"{'estimator__max_depth': None, 'estimator__min_samples_leaf': 1, 'estimator__min_samples_split': 2, 'estimator__n_estimators': 200}",0.16666666666666666,0.09090909090909091,0.18181818181818182,0.18181818181818182,0.18181818181818182,16.06060606060606,0.03533910239300182,67
3,0.09238758087158203,0.0013427711058049115,0.05161199569702148,0.0013604811139235852,,1,5,50,"{'estimator__max_depth': None, 'estimator__min_samples_leaf': 1, 'estimator__min_samples_split': 5, 'estimator__n_estimators': 50}",0.16666666666666666,0.09090909090909091,0.18181818181818182,0.0,0.18181818181818182,12.424242424242424,0.07067820478600365,77
4,0.15540127754211425,0.005499020055749759,0.09119930267333984,0.005418949541550746,,1,5,100,"{'estimator__max_depth': None, 'estimator__min_samples_leaf': 1, 'estimator__min_samples_split': 5, 'estimator__n_estimators': 100}",0.25,0.09090909090909091,0.18181818181818182,0.18181818181818182,0.18181818181818182,17.72727272727273,0.0506160396620911,62
5,0.29273209571838377,0.007476771824436967,0.17290244102478028,0.006007229425556285,,1,5,200,"{'estimator__max_depth': None, 'estimator__min_samples_leaf': 1, 'estimator__min_samples_split': 5, 'estimator__n_estimators': 200}",0.25,0.09090909090909091,0.18181818181818182,0.2727272727272727,0.18181818181818182,19.545454545454547,0.06363636363636363,55
6,0.076800537109375,0.005600101638191864,0.05099925994873047,0.0008933504085181103,,1,10,50,"{'estimator__max_depth': None, 'estimator__min_samples_leaf': 1, 'estimator__min_samples_split': 10, 'estimator__n_estimators': 50}",0.16666666666666666,0.18181818181818182,0.09090909090909091,0.0,0.18181818181818182,12.424242424242426,0.07067820478600365,73
7,0.14650325775146483,0.008482796582405056,0.09070119857788086,0.006444883719640638,,1,10,100,"{'estimator__max_depth': None, 'estimator__min_samples_leaf': 1, 'estimator__min_samples_split': 10, 'estimator__n_estimators': 100}",0.25,0.18181818181818182,0.09090909090909091,0.18181818181818182,0.18181818181818182,17.72727272727273,0.050616039662091106,62
8,0.2831235408782959,0.008529067437737105,0.17379961013793946,0.005671082439572262,,1,10,200,"{'estimator__max_depth': None, 'estimator__min_samples_leaf': 1, 'estimator__min_samples_split': 10, 'estimator__n_estimators': 200}",0.25,0.09090909090909091,0.09090909090909091,0.18181818181818182,0.18181818181818182,15.909090909090912,0.06098367211363062,69
9,0.08500008583068848,0.008508286723211403,0.051401185989379886,0.0010199084612524522,,2,2,50,"{'estimator__max_depth': None, 'estimator__min_samples_leaf': 2, 'estimator__min_samples_split': 2, 'estimator__n_estimators': 50}",0.5,0.36363636363636365,0.2727272727272727,0.18181818181818182,0.36363636363636365,33.63636363636363,0.10601730717900547,37
10,0.15479979515075684,0.013376692112485912,0.08879990577697754,0.0017198859287633815,,2,2,100,"{'estimator__max_depth': None, 'estimator__min_samples_leaf': 2, 'estimator__min_samples_split': 2, 'estimator__n_estimators': 100}",0.5,0.2727272727272727,0.36363636363636365,0.36363636363636365,0.45454545454545453,39.09090909090909,0.07925270806437588,16
11,0.2917045593261719,0.02255112786545185,0.17460227012634277,0.003571651370646108,,2,2,200,"{'estimator__max_depth': None, 'estimator__min_samples_leaf': 2, 'estimator__min_samples_split': 2, 'estimator__n_estimators': 200}",0.5,0.45454545454545453,0.36363636363636365,0.36363636363636365,0.45454545454545453,42.727272727272734,0.05454545454545454,1
12,0.0875997543334961,0.005816697602331235,0.05320124626159668,0.001721050392951654,,2,5,50,"{'estimator__max_depth': None, 'estimator__min_samples_leaf': 2, 'estimator__min_samples_split': 5, 'estimator__n_estimators': 50}",0.5,0.36363636363636365,0.2727272727272727,0.18181818181818182,0.36363636363636365,33.63636363636363,0.10601730717900547,37
13,0.14593629837036132,0.012393810150367885,0.08950719833374024,0.0017860459446183612,,2,5,100,"{'estimator__max_depth': None, 'estimator__min_samples_leaf': 2, 'estimator__min_samples_split': 5, 'estimator__n_estimators': 100}",0.5,0.36363636363636365,0.36363636363636365,0.36363636363636365,0.45454545454545453,40.90909090909091,0.05749595745760689,10
14,0.3210357666015625,0.025604649755052722,0.1889091968536377,0.014332031829723035,,2,5,200,"{'estimator__max_depth': None, 'estimator__min_samples_leaf': 2, 'estimator__min_samples_split': 5, 'estimator__n_estimators': 200}",0.5,0.45454545454545453,0.36363636363636365,0.36363636363636365,0.45454545454545453,42.727272727272734,0.05454545454545454,1
15,0.08340015411376953,0.008260659837912748,0.051999568939208984,0.00167242963224852,,2,10,50,"{'estimator__max_depth': None, 'estimator__min_samples_leaf': 2, 'estimator__min_samples_split': 10, 'estimator__n_estimators': 50}",0.5,0.36363636363636365,0.2727272727272727,0.18181818181818182,0.36363636363636365,33.63636363636363,0.10601730717900547,37
16,0.16601834297180176,0.04907075782872065,0.08819894790649414,0.0009801923520983318,,2,10,100,"{'estimator__max_depth': None, 'estimator__min_samples_leaf': 2, 'estimator__min_samples_split': 10, 'estimator__n_estimators': 100}",0.5,0.36363636363636365,0.36363636363636365,0.36363636363636365,0.45454545454545453,40.90909090909091,0.05749595745760689,10
17,0.3073234558105469,0.05825341192803348,0.1794051170349121,0.006355766004752723,,2,10,200,"{'estimator__max_depth': None, 'estimator__min_samples_leaf': 2, 'estimator__min_samples_split': 10, 'estimator__n_estimators': 200}",0.5,0.45454545454545453,0.36363636363636365,0.36363636363636365,0.45454545454545453,42.727272727272734,0.05454545454545454,1
18,0.09490389823913574,0.008781745951005226,0.05419921875,0.0027119764703039343,,4,2,50,"{'estimator__max_depth': None, 'estimator__min_samples_leaf': 4, 'estimator__min_samples_split': 2, 'estimator__n_estimators': 50}",0.3333333333333333,0.36363636363636365,0.2727272727272727,0.36363636363636365,0.45454545454545453,35.75757575757576,0.05875975584747065,19
19,0.14480490684509278,0.011808546029624027,0.08800058364868164,0.004049668729438663,,4,2,100,"{'estimator__max_depth': None, 'estimator__min_samples_leaf': 4, 'estimator__min_samples_split': 2, 'estimator__n_estimators': 100}",0.4166666666666667,0.36363636363636365,0.09090909090909091,0.36363636363636365,0.45454545454545453,33.78787878787879,0.12817143019731272,28
20,0.29378790855407716,0.05168192286938792,0.19210634231567383,0.02725001600984862,,4,2,200,"{'estimator__max_depth': None, 'estimator__min_samples_leaf': 4, 'estimator__min_samples_split': 2, 'estimator__n_estimators': 200}",0.3333333333333333,0.45454545454545453,0.09090909090909091,0.36363636363636365,0.2727272727272727,30.303030303030305,0.12121212121212122,49
21,0.08559417724609375,0.005749728286518725,0.05180583000183105,0.0017170062119862836,,4,5,50,"{'estimator__max_depth': None, 'estimator__min_samples_leaf': 4, 'estimator__min_samples_split': 5, 'estimator__n_estimators': 50}",0.3333333333333333,0.36363636363636365,0.2727272727272727,0.36363636363636365,0.45454545454545453,35.75757575757576,0.05875975584747065,19
22,0.13970232009887695,0.007972067064653806,0.08610272407531738,0.0010192575230023545,,4,5,100,"{'estimator__max_depth': None, 'estimator__min_samples_leaf': 4, 'estimator__min_samples_split': 5, 'estimator__n_estimators': 100}",0.4166666666666667,0.36363636363636365,0.09090909090909091,0.36363636363636365,0.45454545454545453,33.78787878787879,0.12817143019731272,28
23,0.27928614616394043,0.017575701633801837,0.17670278549194335,0.004403616527180679,,4,5,200,"{'estimator__max_depth': None, 'estimator__min_samples_leaf': 4, 'estimator__min_samples_split': 5, 'estimator__n_estimators': 200}",0.3333333333333333,0.45454545454545453,0.09090909090909091,0.36363636363636365,0.2727272727272727,30.303030303030305,0.12121212121212122,49
24,0.08199949264526367,0.00874011950783247,0.05110287666320801,0.0006648900961992863,,4,10,50,"{'estimator__max_depth': None, 'estimator__min_samples_leaf': 4, 'estimator__min_samples_split': 10, 'estimator__n_estimators': 50}",0.3333333333333333,0.36363636363636365,0.18181818181818182,0.36363636363636365,0.45454545454545453,33.939393939393945,0.08865902326259269,25
25,0.17660083770751953,0.06858155732501686,0.09040331840515137,0.005378572327870078,,4,10,100,"{'estimator__max_depth': None, 'estimator__min_samples_leaf': 4, 'estimator__min_samples_split': 10, 'estimator__n_estimators': 100}",0.4166666666666667,0.36363636363636365,0.09090909090909091,0.36363636363636365,0.45454545454545453,33.78787878787879,0.12817143019731272,28
26,0.28249554634094237,0.010141311623441698,0.19430279731750488,0.04281647640244065,,4,10,200,"{'estimator__max_depth': None, 'estimator__min_samples_leaf': 4, 'estimator__min_samples_split': 10, 'estimator__n_estimators': 200}",0.3333333333333333,0.45454545454545453,0.18181818181818182,0.36363636363636365,0.2727272727272727,32.121212121212125,0.09111088714165398,46
27,0.1012047290802002,0.03313183941369483,0.05590968132019043,0.006926136903447688,10,1,2,50,"{'estimator__max_depth': 10, 'estimator__min_samples_leaf': 1, 'estimator__min_samples_split': 2, 'estimator__n_estimators': 50}",0.16666666666666666,0.09090909090909091,0.0,0.0,0.18181818181818182,8.787878787878787,0.07808544682863712,79
28,0.18244781494140624,0.014130192625039834,0.10320520401000977,0.012353413709729397,10,1,2,100,"{'estimator__max_depth': 10, 'estimator__min_samples_leaf': 1, 'estimator__min_samples_split': 2, 'estimator__n_estimators': 100}",0.16666666666666666,0.18181818181818182,0.09090909090909091,0.2727272727272727,0.18181818181818182,17.87878787878788,0.057814497055572456,60
29,0.3580646991729736,0.05707642273371483,0.1789297103881836,0.011590894538776046,10,1,2,200,"{'estimator__max_depth': 10, 'estimator__min_samples_leaf': 1, 'estimator__min_samples_split': 2, 'estimator__n_estimators': 200}",0.16666666666666666,0.09090909090909091,0.18181818181818182,0.2727272727272727,0.18181818181818182,17.87878787878788,0.057814497055572456,60
30,0.09411225318908692,0.004617359107297644,0.054599666595458986,0.0026534923650372634,10,1,5,50,"{'estimator__max_depth': 10, 'estimator__min_samples_leaf': 1, 'estimator__min_samples_split': 5, 'estimator__n_estimators': 50}",0.16666666666666666,0.18181818181818182,0.09090909090909091,0.0,0.18181818181818182,12.424242424242426,0.07067820478600365,73
31,0.15860061645507811,0.005239411790702586,0.09379987716674805,0.0046207855803352136,10,1,5,100,"{'estimator__max_depth': 10, 'estimator__min_samples_leaf': 1, 'estimator__min_samples_split': 5, 'estimator__n_estimators': 100}",0.25,0.18181818181818182,0.09090909090909091,0.2727272727272727,0.18181818181818182,19.545454545454547,0.06363636363636363,55
32,0.36142520904541015,0.0647985983955294,0.17761607170104982,0.0034951271368400334,10,1,5,200,"{'estimator__max_depth': 10, 'estimator__min_samples_leaf': 1, 'estimator__min_samples_split': 5, 'estimator__n_estimators': 200}",0.25,0.09090909090909091,0.18181818181818182,0.2727272727272727,0.18181818181818182,19.545454545454547,0.06363636363636363,55
33,0.1176694393157959,0.04280664465189321,0.06940512657165528,0.02546018060292561,10,1,10,50,"{'estimator__max_depth': 10, 'estimator__min_samples_leaf': 1, 'estimator__min_samples_split': 10, 'estimator__n_estimators': 50}",0.16666666666666666,0.18181818181818182,0.09090909090909091,0.0,0.18181818181818182,12.424242424242426,0.07067820478600365,73
34,0.152999210357666,0.011278122964254638,0.09700050354003906,0.008197152616041089,10,1,10,100,"{'estimator__max_depth': 10, 'estimator__min_samples_leaf': 1, 'estimator__min_samples_split': 10, 'estimator__n_estimators': 100}",0.25,0.18181818181818182,0.09090909090909091,0.2727272727272727,0.18181818181818182,19.545454545454547,0.06363636363636363,55
35,0.31270995140075686,0.031017871390501616,0.1783003330230713,0.0072996046388501944,10,1,10,200,"{'estimator__max_depth': 10, 'estimator__min_samples_leaf': 1, 'estimator__min_samples_split': 10, 'estimator__n_estimators': 200}",0.25,0.09090909090909091,0.09090909090909091,0.2727272727272727,0.18181818181818182,17.72727272727273,0.07660136157433053,62
36,0.0791092872619629,0.005080934609515643,0.05346412658691406,0.0033399748553969762,10,2,2,50,"{'estimator__max_depth': 10, 'estimator__min_samples_leaf': 2, 'estimator__min_samples_split': 2, 'estimator__n_estimators': 50}",0.5,0.36363636363636365,0.2727272727272727,0.18181818181818182,0.36363636363636365,33.63636363636363,0.10601730717900547,37
37,0.1523068904876709,0.01297052464687161,0.09221181869506836,0.005849693203335109,10,2,2,100,"{'estimator__max_depth': 10, 'estimator__min_samples_leaf': 2, 'estimator__min_samples_split': 2, 'estimator__n_estimators': 100}",0.5,0.2727272727272727,0.36363636363636365,0.36363636363636365,0.45454545454545453,39.09090909090909,0.07925270806437588,16
38,0.2796299457550049,0.015380726099205573,0.17318301200866698,0.003852428846462985,10,2,2,200,"{'estimator__max_depth': 10, 'estimator__min_samples_leaf': 2, 'estimator__min_samples_split': 2, 'estimator__n_estimators': 200}",0.5,0.45454545454545453,0.36363636363636365,0.36363636363636365,0.45454545454545453,42.727272727272734,0.05454545454545454,1
39,0.08999505043029785,0.009660887180856132,0.05360488891601563,0.002866032241970614,10,2,5,50,"{'estimator__max_depth': 10, 'estimator__min_samples_leaf': 2, 'estimator__min_samples_split': 5, 'estimator__n_estimators': 50}",0.5,0.36363636363636365,0.2727272727272727,0.18181818181818182,0.36363636363636365,33.63636363636363,0.10601730717900547,37
40,0.15719809532165527,0.01936419016114063,0.08700613975524903,0.0016663285442539298,10,2,5,100,"{'estimator__max_depth': 10, 'estimator__min_samples_leaf': 2, 'estimator__min_samples_split': 5, 'estimator__n_estimators': 100}",0.5,0.36363636363636365,0.36363636363636365,0.36363636363636365,0.45454545454545453,40.90909090909091,0.05749595745760689,10
41,0.29383163452148436,0.02476395962209951,0.17340388298034667,0.0010216640733698467,10,2,5,200,"{'estimator__max_depth': 10, 'estimator__min_samples_leaf': 2, 'estimator__min_samples_split': 5, 'estimator__n_estimators': 200}",0.5,0.45454545454545453,0.36363636363636365,0.36363636363636365,0.45454545454545453,42.727272727272734,0.05454545454545454,1
42,0.07640528678894043,0.00567187456491263,0.05039634704589844,0.0010215313902085616,10,2,10,50,"{'estimator__max_depth': 10, 'estimator__min_samples_leaf': 2, 'estimator__min_samples_split': 10, 'estimator__n_estimators': 50}",0.5,0.36363636363636365,0.2727272727272727,0.18181818181818182,0.36363636363636365,33.63636363636363,0.10601730717900547,37
43,0.1618051528930664,0.013286955731318013,0.10539965629577637,0.007889125605043158,10,2,10,100,"{'estimator__max_depth': 10, 'estimator__min_samples_leaf': 2, 'estimator__min_samples_split': 10, 'estimator__n_estimators': 100}",0.5,0.36363636363636365,0.36363636363636365,0.36363636363636365,0.45454545454545453,40.90909090909091,0.05749595745760689,10
44,0.3199130058288574,0.0148429442630941,0.18924102783203126,0.028653376818708325,10,2,10,200,"{'estimator__max_depth': 10, 'estimator__min_samples_leaf': 2, 'estimator__min_samples_split': 10, 'estimator__n_estimators': 200}",0.5,0.45454545454545453,0.36363636363636365,0.36363636363636365,0.45454545454545453,42.727272727272734,0.05454545454545454,1
45,0.07629456520080566,0.0061803445919256786,0.050678682327270505,0.0007549828304583475,10,4,2,50,"{'estimator__max_depth': 10, 'estimator__min_samples_leaf': 4, 'estimator__min_samples_split': 2, 'estimator__n_estimators': 50}",0.3333333333333333,0.36363636363636365,0.2727272727272727,0.36363636363636365,0.45454545454545453,35.75757575757576,0.05875975584747065,19
46,0.1599215030670166,0.023914494749930654,0.10700058937072754,0.030906699050483294,10,4,2,100,"{'estimator__max_depth': 10, 'estimator__min_samples_leaf': 4, 'estimator__min_samples_split': 2, 'estimator__n_estimators': 100}",0.4166666666666667,0.36363636363636365,0.09090909090909091,0.36363636363636365,0.45454545454545453,33.78787878787879,0.12817143019731272,28
47,0.2935690402984619,0.035665084201244396,0.17371277809143065,0.0074478978864676425,10,4,2,200,"{'estimator__max_depth': 10, 'estimator__min_samples_leaf': 4, 'estimator__min_samples_split': 2, 'estimator__n_estimators': 200}",0.3333333333333333,0.45454545454545453,0.09090909090909091,0.36363636363636365,0.2727272727272727,30.303030303030305,0.12121212121212122,49
48,0.07179598808288574,0.0046260836684341,0.05040411949157715,0.0004964707127984492,10,4,5,50,"{'estimator__max_depth': 10, 'estimator__min_samples_leaf': 4, 'estimator__min_samples_split': 5, 'estimator__n_estimators': 50}",0.3333333333333333,0.36363636363636365,0.2727272727272727,0.36363636363636365,0.45454545454545453,35.75757575757576,0.05875975584747065,19
49,0.16542787551879884,0.032940483062200196,0.09280185699462891,0.007681053300026258,10,4,5,100,"{'estimator__max_depth': 10, 'estimator__min_samples_leaf': 4, 'estimator__min_samples_split': 5, 'estimator__n_estimators': 100}",0.4166666666666667,0.36363636363636365,0.09090909090909091,0.36363636363636365,0.45454545454545453,33.78787878787879,0.12817143019731272,28
50,0.3262734889984131,0.06539728447562906,0.18140625953674316,0.009491366597150193,10,4,5,200,"{'estimator__max_depth': 10, 'estimator__min_samples_leaf': 4, 'estimator__min_samples_split': 5, 'estimator__n_estimators': 200}",0.3333333333333333,0.45454545454545453,0.09090909090909091,0.36363636363636365,0.2727272727272727,30.303030303030305,0.12121212121212122,49
51,0.07590270042419434,0.00858971181734935,0.050801563262939456,0.0007483466227234393,10,4,10,50,"{'estimator__max_depth': 10, 'estimator__min_samples_leaf': 4, 'estimator__min_samples_split': 10, 'estimator__n_estimators': 50}",0.3333333333333333,0.36363636363636365,0.18181818181818182,0.36363636363636365,0.45454545454545453,33.939393939393945,0.08865902326259269,25
52,0.13850936889648438,0.010613618491550266,0.08739895820617676,0.001019945356389702,10,4,10,100,"{'estimator__max_depth': 10, 'estimator__min_samples_leaf': 4, 'estimator__min_samples_split': 10, 'estimator__n_estimators': 100}",0.4166666666666667,0.36363636363636365,0.09090909090909091,0.36363636363636365,0.45454545454545453,33.78787878787879,0.12817143019731272,28
53,0.27652478218078613,0.01326085037826457,0.17570834159851073,0.006002372087111551,10,4,10,200,"{'estimator__max_depth': 10, 'estimator__min_samples_leaf': 4, 'estimator__min_samples_split': 10, 'estimator__n_estimators': 200}",0.3333333333333333,0.45454545454545453,0.18181818181818182,0.36363636363636365,0.2727272727272727,32.121212121212125,0.09111088714165398,46
54,0.08640069961547851,0.004674067374838735,0.051598644256591795,0.0008011944107662281,20,1,2,50,"{'estimator__max_depth': 20, 'estimator__min_samples_leaf': 1, 'estimator__min_samples_split': 2, 'estimator__n_estimators': 50}",0.08333333333333333,0.0,0.09090909090909091,0.0,0.18181818181818182,7.121212121212121,0.06769184213238993,80
55,0.17119793891906737,0.011550922037691185,0.09660201072692871,0.008733090650042389,20,1,2,100,"{'estimator__max_depth': 20, 'estimator__min_samples_leaf': 1, 'estimator__min_samples_split': 2, 'estimator__n_estimators': 100}",0.08333333333333333,0.09090909090909091,0.18181818181818182,0.18181818181818182,0.18181818181818182,14.393939393939394,0.04645366580835119,71
56,0.31690306663513185,0.015606930030285123,0.17959995269775392,0.0044096576188592295,20,1,2,200,"{'estimator__max_depth': 20, 'estimator__min_samples_leaf': 1, 'estimator__min_samples_split': 2, 'estimator__n_estimators': 200}",0.16666666666666666,0.09090909090909091,0.18181818181818182,0.18181818181818182,0.18181818181818182,16.06060606060606,0.03533910239300182,67
57,0.08459506034851075,0.004225001720982231,0.05240650177001953,0.0017371296875675838,20,1,5,50,"{'estimator__max_depth': 20, 'estimator__min_samples_leaf': 1, 'estimator__min_samples_split': 5, 'estimator__n_estimators': 50}",0.16666666666666666,0.09090909090909091,0.18181818181818182,0.0,0.18181818181818182,12.424242424242424,0.07067820478600365,77
58,0.152504825592041,0.006829790128345707,0.09061112403869628,0.00370600194268296,20,1,5,100,"{'estimator__max_depth': 20, 'estimator__min_samples_leaf': 1, 'estimator__min_samples_split': 5, 'estimator__n_estimators': 100}",0.25,0.09090909090909091,0.18181818181818182,0.18181818181818182,0.18181818181818182,17.72727272727273,0.0506160396620911,62
59,0.29795017242431643,0.016441322763238477,0.171600341796875,0.003200516534472498,20,1,5,200,"{'estimator__max_depth': 20, 'estimator__min_samples_leaf': 1, 'estimator__min_samples_split': 5, 'estimator__n_estimators': 200}",0.25,0.09090909090909091,0.18181818181818182,0.2727272727272727,0.18181818181818182,19.545454545454547,0.06363636363636363,55
60,0.07959451675415039,0.00531130559872929,0.052263307571411136,0.0016591104000455762,20,1,10,50,"{'estimator__max_depth': 20, 'estimator__min_samples_leaf': 1, 'estimator__min_samples_split': 10, 'estimator__n_estimators': 50}",0.16666666666666666,0.18181818181818182,0.09090909090909091,0.0,0.18181818181818182,12.424242424242426,0.07067820478600365,73
61,0.1500007152557373,0.0070980711678595276,0.08859786987304688,0.0044524815726391664,20,1,10,100,"{'estimator__max_depth': 20, 'estimator__min_samples_leaf': 1, 'estimator__min_samples_split': 10, 'estimator__n_estimators': 100}",0.25,0.18181818181818182,0.09090909090909091,0.18181818181818182,0.18181818181818182,17.72727272727273,0.050616039662091106,62
62,0.31174240112304685,0.020138396600906137,0.17599935531616212,0.00448758416744468,20,1,10,200,"{'estimator__max_depth': 20, 'estimator__min_samples_leaf': 1, 'estimator__min_samples_split': 10, 'estimator__n_estimators': 200}",0.25,0.09090909090909091,0.09090909090909091,0.18181818181818182,0.18181818181818182,15.909090909090912,0.06098367211363062,69
63,0.08859786987304688,0.011463702617490551,0.05280070304870606,0.0019391041571668007,20,2,2,50,"{'estimator__max_depth': 20, 'estimator__min_samples_leaf': 2, 'estimator__min_samples_split': 2, 'estimator__n_estimators': 50}",0.5,0.36363636363636365,0.2727272727272727,0.18181818181818182,0.36363636363636365,33.63636363636363,0.10601730717900547,37
64,0.1533283233642578,0.01631107116080923,0.0923149585723877,0.005069840204391441,20,2,2,100,"{'estimator__max_depth': 20, 'estimator__min_samples_leaf': 2, 'estimator__min_samples_split': 2, 'estimator__n_estimators': 100}",0.5,0.2727272727272727,0.36363636363636365,0.36363636363636365,0.45454545454545453,39.09090909090909,0.07925270806437588,16
65,0.2828050136566162,0.018441247518575236,0.17771615982055664,0.011304830424328127,20,2,2,200,"{'estimator__max_depth': 20, 'estimator__min_samples_leaf': 2, 'estimator__min_samples_split': 2, 'estimator__n_estimators': 200}",0.5,0.45454545454545453,0.36363636363636365,0.36363636363636365,0.45454545454545453,42.727272727272734,0.05454545454545454,1
66,0.07880120277404785,0.00824932330512997,0.050399065017700195,0.0004784111034164032,20,2,5,50,"{'estimator__max_depth': 20, 'estimator__min_samples_leaf': 2, 'estimator__min_samples_split': 5, 'estimator__n_estimators': 50}",0.5,0.36363636363636365,0.2727272727272727,0.18181818181818182,0.36363636363636365,33.63636363636363,0.10601730717900547,37
67,0.14900541305541992,0.007260778813462246,0.08639259338378906,0.0004964571564042702,20,2,5,100,"{'estimator__max_depth': 20, 'estimator__min_samples_leaf': 2, 'estimator__min_samples_split': 5, 'estimator__n_estimators': 100}",0.5,0.36363636363636365,0.36363636363636365,0.36363636363636365,0.45454545454545453,40.90909090909091,0.05749595745760689,10
68,0.30387678146362307,0.01960345703050314,0.17384376525878906,0.004775380244779647,20,2,5,200,"{'estimator__max_depth': 20, 'estimator__min_samples_leaf': 2, 'estimator__min_samples_split': 5, 'estimator__n_estimators': 200}",0.5,0.45454545454545453,0.36363636363636365,0.36363636363636365,0.45454545454545453,42.727272727272734,0.05454545454545454,1
69,0.07161202430725097,0.004791498464417401,0.05140552520751953,0.002026067610498565,20,2,10,50,"{'estimator__max_depth': 20, 'estimator__min_samples_leaf': 2, 'estimator__min_samples_split': 10, 'estimator__n_estimators': 50}",0.5,0.36363636363636365,0.2727272727272727,0.18181818181818182,0.36363636363636365,33.63636363636363,0.10601730717900547,37
70,0.14030823707580567,0.007962642680922942,0.08659396171569825,0.0013630818046178178,20,2,10,100,"{'estimator__max_depth': 20, 'estimator__min_samples_leaf': 2, 'estimator__min_samples_split': 10, 'estimator__n_estimators': 100}",0.5,0.36363636363636365,0.36363636363636365,0.36363636363636365,0.45454545454545453,40.90909090909091,0.05749595745760689,10
71,0.3055068016052246,0.019203262775450244,0.17699389457702636,0.006358614217124196,20,2,10,200,"{'estimator__max_depth': 20, 'estimator__min_samples_leaf': 2, 'estimator__min_samples_split': 10, 'estimator__n_estimators': 200}",0.5,0.45454545454545453,0.36363636363636365,0.36363636363636365,0.45454545454545453,42.727272727272734,0.05454545454545454,1
72,0.08651928901672364,0.007956659231387386,0.05240368843078613,0.0018592855237660416,20,4,2,50,"{'estimator__max_depth': 20, 'estimator__min_samples_leaf': 4, 'estimator__min_samples_split': 2, 'estimator__n_estimators': 50}",0.3333333333333333,0.36363636363636365,0.2727272727272727,0.36363636363636365,0.45454545454545453,35.75757575757576,0.05875975584747065,19
73,0.15160603523254396,0.010523651001055082,0.09820117950439453,0.010795235806535528,20,4,2,100,"{'estimator__max_depth': 20, 'estimator__min_samples_leaf': 4, 'estimator__min_samples_split': 2, 'estimator__n_estimators': 100}",0.4166666666666667,0.36363636363636365,0.09090909090909091,0.36363636363636365,0.45454545454545453,33.78787878787879,0.12817143019731272,28
74,0.28931431770324706,0.02301274078129888,0.17459440231323242,0.006891577517494487,20,4,2,200,"{'estimator__max_depth': 20, 'estimator__min_samples_leaf': 4, 'estimator__min_samples_split': 2, 'estimator__n_estimators': 200}",0.3333333333333333,0.45454545454545453,0.09090909090909091,0.36363636363636365,0.2727272727272727,30.303030303030305,0.12121212121212122,49
75,0.09201302528381347,0.010474019131873123,0.05178651809692383,0.0018391775323831046,20,4,5,50,"{'estimator__max_depth': 20, 'estimator__min_samples_leaf': 4, 'estimator__min_samples_split': 5, 'estimator__n_estimators': 50}",0.3333333333333333,0.36363636363636365,0.2727272727272727,0.36363636363636365,0.45454545454545453,35.75757575757576,0.05875975584747065,19
76,0.1394038677215576,0.007093040843063685,0.09259977340698242,0.007445151840872895,20,4,5,100,"{'estimator__max_depth': 20, 'estimator__min_samples_leaf': 4, 'estimator__min_samples_split': 5, 'estimator__n_estimators': 100}",0.4166666666666667,0.36363636363636365,0.09090909090909091,0.36363636363636365,0.45454545454545453,33.78787878787879,0.12817143019731272,28
77,0.27921218872070314,0.025787263618878967,0.17300028800964357,0.004435012410756373,20,4,5,200,"{'estimator__max_depth': 20, 'estimator__min_samples_leaf': 4, 'estimator__min_samples_split': 5, 'estimator__n_estimators': 200}",0.3333333333333333,0.45454545454545453,0.09090909090909091,0.36363636363636365,0.2727272727272727,30.303030303030305,0.12121212121212122,49
78,0.0716064453125,0.004728142726753791,0.050593090057373044,0.0004848999568502687,20,4,10,50,"{'estimator__max_depth': 20, 'estimator__min_samples_leaf': 4, 'estimator__min_samples_split': 10, 'estimator__n_estimators': 50}",0.3333333333333333,0.36363636363636365,0.18181818181818182,0.36363636363636365,0.45454545454545453,33.939393939393945,0.08865902326259269,25
79,0.14760942459106446,0.02026995942372943,0.08779211044311523,0.0013229532602438716,20,4,10,100,"{'estimator__max_depth': 20, 'estimator__min_samples_leaf': 4, 'estimator__min_samples_split': 10, 'estimator__n_estimators': 100}",0.4166666666666667,0.36363636363636365,0.09090909090909091,0.36363636363636365,0.45454545454545453,33.78787878787879,0.12817143019731272,28
80,0.2781024932861328,0.010188232456266114,0.1684356689453125,0.002185890283427117,20,4,10,200,"{'estimator__max_depth': 20, 'estimator__min_samples_leaf': 4, 'estimator__min_samples_split': 10, 'estimator__n_estimators': 200}",0.3333333333333333,0.45454545454545453,0.18181818181818182,0.36363636363636365,0.2727272727272727,32.121212121212125,0.09111088714165398,46
